{"cameraMode":{"drawMode":0,"name":"Shaded","section":"Shading Mode"},"sceneLighting":false,"audioPlay":false,"sceneViewState":{"showFog":true,"showMaterialUpdate":false,"showSkybox":false,"showFlares":true,"showImageEffects":true,"showParticleSystems":true,"showVisualEffectGraphs":true,"m_FxEnabled":true},"in2DMode":false,"pivot":{"x":0.45098423957824709,"y":0.7402529716491699,"z":0.8778095245361328},"rotation":{"x":-0.43131986260414126,"y":0.1163669303059578,"z":-0.05620935931801796,"w":-0.8929001092910767},"size":3.5361404418945314,"orthographic":false}