{"cameraMode":{"drawMode":0,"name":"Shaded","section":"Shading Mode"},"sceneLighting":false,"audioPlay":false,"sceneViewState":{"showFog":true,"showMaterialUpdate":false,"showSkybox":false,"showFlares":true,"showImageEffects":true,"showParticleSystems":true,"showVisualEffectGraphs":true,"m_FxEnabled":true},"in2DMode":false,"pivot":{"x":149.40252685546876,"y":95.60841369628906,"z":-5.668630599975586},"rotation":{"x":0.016498995944857599,"y":-0.008405523374676705,"z":-0.0001366275391774252,"w":-0.9998325109481812},"size":131.0727996826172,"orthographic":false}