{"cameraMode":{"drawMode":0,"name":"Shaded","section":"Shading Mode"},"sceneLighting":false,"audioPlay":false,"sceneViewState":{"showFog":true,"showMaterialUpdate":false,"showSkybox":false,"showFlares":true,"showImageEffects":true,"showParticleSystems":true},"in2DMode":false,"pivot":{"x":-0.05108174681663513,"y":0.46762633323669436,"z":1.0700855255126954},"rotation":{"x":0.0003918505390174687,"y":-0.9970400929450989,"z":0.07673299312591553,"w":0.005091940984129906},"size":2.453376531600952,"orthographic":false}