{"cameraMode":{"drawMode":0,"name":"Shaded","section":"Shading Mode"},"sceneLighting":false,"audioPlay":false,"sceneViewState":{"showFog":true,"showMaterialUpdate":true,"showSkybox":false,"showFlares":true,"showImageEffects":true,"showParticleSystems":true},"in2DMode":false,"pivot":{"x":-0.5383796691894531,"y":0.30753540992736819,"z":-1.9128103256225587},"rotation":{"x":0.021214546635746957,"y":-0.9784842133522034,"z":0.15690355002880097,"w":0.1323041021823883},"size":2.0574214458465578,"orthographic":false}