{"cameraMode":{"drawMode":0,"name":"Shaded","section":"Shading Mode"},"sceneLighting":false,"audioPlay":false,"sceneViewState":{"showFog":true,"showMaterialUpdate":true,"showSkybox":false,"showFlares":true,"showImageEffects":true,"showParticleSystems":true},"in2DMode":false,"pivot":{"x":-1.017505168914795,"y":5.892753601074219,"z":-2.278392791748047},"rotation":{"x":0.00797255802899599,"y":0.9885532855987549,"z":-0.05640857666730881,"w":0.13971015810966493},"size":5.573200225830078,"orthographic":false}