{"cameraMode":{"drawMode":0,"name":"Shaded","section":"Shading Mode"},"sceneLighting":false,"audioPlay":false,"sceneViewState":{"showFog":true,"showMaterialUpdate":false,"showSkybox":false,"showFlares":true,"showImageEffects":true,"showParticleSystems":true,"showVisualEffectGraphs":true,"m_FxEnabled":true},"in2DMode":false,"pivot":{"x":262.363525390625,"y":141.3420867919922,"z":-2.9826202392578127},"rotation":{"x":0.029995165765285493,"y":-0.006903626024723053,"z":-0.00020509539172053337,"w":-0.9995303153991699},"size":353.33258056640627,"orthographic":false}