{"cameraMode":{"drawMode":0,"name":"Shaded","section":"Shading Mode"},"sceneLighting":false,"audioPlay":false,"sceneViewState":{"showFog":true,"showMaterialUpdate":false,"showSkybox":false,"showFlares":true,"showImageEffects":true,"showParticleSystems":true,"showVisualEffectGraphs":true,"m_FxEnabled":true},"in2DMode":false,"pivot":{"x":1.2947719097137452,"y":-0.22353190183639527,"z":0.22875572741031648},"rotation":{"x":0.13262949883937837,"y":0.6608476638793945,"z":-0.12025396525859833,"w":0.7288559079170227},"size":0.9015101790428162,"orthographic":false}