{"cameraMode":{"drawMode":0,"name":"Shaded","section":"Shading Mode"},"sceneLighting":false,"audioPlay":false,"sceneViewState":{"showFog":true,"showMaterialUpdate":false,"showSkybox":false,"showFlares":true,"showImageEffects":true,"showParticleSystems":true,"showVisualEffectGraphs":true,"m_FxEnabled":true},"in2DMode":false,"pivot":{"x":355.3809814453125,"y":163.80691528320313,"z":-8.985702514648438},"rotation":{"x":0.016498995944857599,"y":-0.008405523374676705,"z":-0.0001366275391774252,"w":-0.9998325109481812},"size":497.5210876464844,"orthographic":false}