{"cameraMode":{"drawMode":0,"name":"Shaded","section":"Shading Mode"},"sceneLighting":false,"audioPlay":false,"sceneViewState":{"showFog":true,"showMaterialUpdate":false,"showSkybox":false,"showFlares":true,"showImageEffects":true,"showParticleSystems":true,"showVisualEffectGraphs":true,"m_FxEnabled":true},"in2DMode":false,"pivot":{"x":193.0513153076172,"y":95.65150451660156,"z":16.405609130859376},"rotation":{"x":-0.035981323570013049,"y":0.02457524836063385,"z":-0.0008822116069495678,"w":-0.9990544319152832},"size":329.03839111328127,"orthographic":false}