{"cameraMode":{"drawMode":0,"name":"Shaded","section":"Shading Mode"},"sceneLighting":false,"audioPlay":false,"sceneViewState":{"showFog":true,"showMaterialUpdate":false,"showSkybox":false,"showFlares":true,"showImageEffects":true,"showParticleSystems":true,"showVisualEffectGraphs":true,"m_FxEnabled":true},"in2DMode":false,"pivot":{"x":920.4998168945313,"y":526.0220336914063,"z":91.90377807617188},"rotation":{"x":0.05427585542201996,"y":0.017969176173210145,"z":-0.0009863284649327398,"w":0.9983920454978943},"size":100.0855941772461,"orthographic":false}