{"cameraMode":{"drawMode":0,"name":"Shaded","section":"Shading Mode"},"sceneLighting":false,"audioPlay":false,"sceneViewState":{"showFog":true,"showMaterialUpdate":false,"showSkybox":false,"showFlares":true,"showImageEffects":true,"showParticleSystems":true,"showVisualEffectGraphs":true,"m_FxEnabled":true},"in2DMode":false,"pivot":{"x":4.164982795715332,"y":-14.508058547973633,"z":3.2965221405029299},"rotation":{"x":0.5217788219451904,"y":-0.012794509530067444,"z":0.007828460074961186,"w":0.8529552817344666},"size":24.753507614135743,"orthographic":false}