{"cameraMode":{"drawMode":0,"name":"Shaded","section":"Shading Mode"},"sceneLighting":false,"audioPlay":false,"sceneViewState":{"showFog":true,"showMaterialUpdate":false,"showSkybox":false,"showFlares":true,"showImageEffects":true,"showParticleSystems":true},"in2DMode":false,"pivot":{"x":0.0000017881393432617188,"y":1.367628812789917,"z":0.33660808205604555},"rotation":{"x":0.0693066343665123,"y":-0.915542483329773,"z":0.1796962320804596,"w":0.35311251878738406},"size":2.19404673576355,"orthographic":false}