{"cameraMode":{"drawMode":0,"name":"Shaded","section":"Shading Mode"},"sceneLighting":false,"audioPlay":false,"sceneViewState":{"showFog":true,"showMaterialUpdate":false,"showSkybox":false,"showFlares":true,"showImageEffects":true,"showParticleSystems":true},"in2DMode":false,"pivot":{"x":-5.960464477539063e-8,"y":0.6832970380783081,"z":-0.14077511429786683},"rotation":{"x":0.34983712434768679,"y":-0.16429786384105683,"z":0.06246424466371536,"w":0.9201743602752686},"size":1.2297372817993165,"orthographic":false}